K01457	R00005
K14541	R00005
K01652	R00006
K01653	R00006
K11258	R00006
K10218	R00008
K03781	R00009
K01194	R00010
K22934	R00010
K01608	R00013
K00161	R00014
K00162	R00014
K00163	R00014
K01568	R00014
K01652	R00014
K01653	R00014
K11258	R00014
K00808	R00018
K00532	R00019
K00533	R00019
K00534	R00019
K06441	R00019
K14126	R00019
K14127	R00019
K14128	R00019
K18016	R00019
K18017	R00019
K18023	R00019
K00284	R00021
K01207	R00022
K12373	R00022
K01601	R00024
K01602	R00024
K00459	R00025
K01188	R00026
K05349	R00026
K05350	R00026
K01187	R00028
K12047	R00028
K12316	R00028
K12317	R00028
K00422	R00031
K00515	R00032
K01698	R00036
K00422	R00045
K07518	R00048
K01513	R00056
K01453	R00059
K00793	R00066
K00423	R00068
K00509	R00073
K11987	R00073
K20204	R00074
K20219	R00074
K05953	R00075
K03594	R00078
K13624	R00078
K14735	R00078
K19054	R00078
K22336	R00078
K22552	R00078
K02274	R00081
K02275	R00081
K02276	R00081
K01749	R00084
K01509	R00086
K01510	R00086
K06928	R00086
K14641	R00086
K14642	R00086
K01513	R00087
K04765	R00087
K01768	R00089
K05851	R00089
K05873	R00089
K08041	R00089
K08042	R00089
K08043	R00089
K08044	R00089
K08045	R00089
K08046	R00089
K08047	R00089
K08048	R00089
K08049	R00089
K11029	R00089
K11265	R00089
K22944	R00089
K00264	R00093
K00383	R00094
K08232	R00095
K00326	R00100
K01242	R00102
K18152	R00102
K18153	R00102
K19980	R00102
K01513	R00103
K03426	R00103
K04765	R00103
K26956	R00103
K00858	R00104
K13240	R00111
K13241	R00111
K13242	R00111
K13427	R00111
K00322	R00112
K00265	R00114
K00266	R00114
K00383	R00115
K01242	R00119
K18152	R00119
K01510	R00122
K14641	R00122
K14642	R00122
K00940	R00124
K18533	R00124
K01525	R00125
K00988	R00126
K19710	R00126
K00939	R00127
K18532	R00127
K18533	R00127
K00859	R00130
K02318	R00130
K01427	R00131
K01428	R00131
K01429	R00131
K01430	R00131
K14048	R00131
K01672	R00132
K01673	R00132
K01674	R00132
K05299	R00134
K15022	R00134
K01259	R00135
K11142	R00135
K00952	R00137
K00969	R00137
K06210	R00137
K06211	R00137
K13522	R00137
K19785	R00137
K00940	R00139
K19797	R00140
K05601	R00143
K15864	R00143
K10944	R00148
K10945	R00148
K10946	R00148
K01948	R00149
K00926	R00150
K18282	R00152
K01510	R00155
K01511	R00155
K12304	R00155
K12305	R00155
K14641	R00155
K14642	R00155
K00940	R00156
K18533	R00156
K00944	R00157
K09903	R00158
K13800	R00158
K13809	R00158
K01510	R00159
K14641	R00159
K14642	R00159
K01513	R00160
K18453	R00160
K00953	R00161
K11753	R00161
K14656	R00161
K22949	R00161
K07758	R00173
K13248	R00173
K00868	R00174
K00789	R00177
K01611	R00178
K01762	R00179
K20772	R00179
K01490	R00181
K01241	R00182
K06966	R00182
K01081	R00183
K02566	R00183
K03787	R00183
K08693	R00183
K11751	R00183
K19970	R00183
K01518	R00184
K18445	R00184
K26955	R00184
K00856	R00185
K01522	R00187
K18424	R00187
K01082	R00188
K06881	R00188
K07053	R00188
K15422	R00188
K15759	R00188
K01916	R00189
K00759	R00190
K01120	R00191
K03651	R00191
K13293	R00191
K13294	R00191
K13296	R00191
K13298	R00191
K13755	R00191
K18283	R00191
K18436	R00191
K18437	R00191
K18438	R00191
K19021	R00191
K01251	R00192
K12960	R00193
K01243	R00194
K18284	R00194
K00101	R00196
K00102	R00197
K01007	R00199
K00873	R00200
K12406	R00200
K07248	R00203
K01006	R00206
K00158	R00207
K00161	R00209
K00162	R00209
K00163	R00209
K00382	R00209
K00627	R00209
K00656	R00212
K00027	R00214
K00028	R00214
K07246	R00215
K00029	R00216
K01003	R00217
K01752	R00220
K01754	R00220
K17989	R00220
K01753	R00221
K20498	R00221
K01652	R00226
K01653	R00226
K11258	R00226
K01067	R00227
K00132	R00228
K04021	R00228
K04072	R00228
K04073	R00228
K18366	R00228
K01905	R00229
K22224	R00229
K24012	R00229
K00625	R00230
K04020	R00230
K13788	R00230
K15024	R00230
K01578	R00233
K01895	R00235
K01913	R00235
K01895	R00236
K01913	R00236
K08691	R00237
K18292	R00237
K00626	R00238
K00632	R00238
K07508	R00238
K07509	R00238
K07513	R00238
K00931	R00239
K12657	R00239
K00260	R00243
K00261	R00243
K15371	R00243
K00294	R00245
K13821	R00245
K00261	R00248
K00262	R00248
K00265	R00248
K00266	R00248
K01469	R00251
K07160	R00251
K23123	R00251
K23124	R00251
K01915	R00253
K01425	R00256
K01954	R00256
K01955	R00256
K01956	R00256
K05597	R00256
K11540	R00256
K11541	R00256
K23265	R00256
K01950	R00257
K00814	R00258
K14260	R00258
K14272	R00258
K00618	R00259
K00619	R00259
K00620	R00259
K11067	R00259
K14681	R00259
K14682	R00259
K22476	R00259
K22477	R00259
K22478	R00259
K01776	R00260
K01580	R00261
K01846	R00262
K19268	R00262
K00128	R00264
K13877	R00264
K19588	R00264
K00031	R00267
K00031	R00268
K08590	R00269
K13566	R00269
K01655	R00271
K02594	R00271
K10977	R00271
K00432	R00274
K00275	R00277
K23998	R00277
K00275	R00278
K23998	R00278
K00354	R00282
K00012	R00286
K01513	R00287
K04765	R00287
K00963	R00289
K12447	R00289
K22920	R00289
K01784	R00291
K17716	R00291
K00693	R00292
K00750	R00292
K13679	R00292
K16150	R00292
K16153	R00292
K20812	R00292
K12450	R00293
K02164	R00294
K02305	R00294
K02448	R00294
K04561	R00294
K04747	R00294
K04748	R00294
K11180	R00295
K11181	R00295
K18930	R00297
K21836	R00297
K00844	R00299
K00845	R00299
K12407	R00299
K25026	R00299
K01084	R00303
K00115	R00305
K19813	R00305
K01188	R00306
K05349	R00306
K05350	R00306
K01805	R00307
K01199	R00308
K01210	R00308
K19891	R00308
K19892	R00308
K19893	R00308
K01772	R00310
K00510	R00311
K21418	R00311
K00925	R00315
K01895	R00316
K01913	R00316
K01512	R00317
K19670	R00318
K00467	R00319
K01510	R00328
K01511	R00328
K12304	R00328
K12305	R00328
K14641	R00328
K14642	R00328
K00940	R00330
K18533	R00330
K00940	R00331
K18533	R00331
K00942	R00332
K00944	R00333
K01510	R00335
K14641	R00335
K14642	R00335
K01139	R00336
K21138	R00336
K03779	R00339
K03780	R00339
K01610	R00341
K00024	R00342
K00025	R00342
K00026	R00342
K00051	R00343
K01958	R00344
K01959	R00344
K01960	R00344
K01595	R00345
K20370	R00346
K13566	R00348
K10218	R00350
K01647	R00351
K05942	R00351
K01648	R00352
K15230	R00352
K15231	R00352
K03416	R00353
K17489	R00353
K17490	R00353
K15234	R00354
K00811	R00355
K00812	R00355
K00813	R00355
K11358	R00355
K14454	R00355
K14455	R00355
K00278	R00357
K03334	R00357
K00272	R00359
K00116	R00360
K00116	R00361
K01643	R00362
K01644	R00362
K01646	R00362
K00273	R00366
K00552	R00367
K00827	R00369
K00830	R00369
K14272	R00369
K00639	R00371
K00827	R00372
K00830	R00372
K14272	R00372
K10814	R00374
K10815	R00374
K10816	R00374
K01971	R00381
K07468	R00381
K10747	R00381
K10776	R00381
K10777	R00381
K01972	R00382
K10747	R00382
K01896	R00389
K01897	R00390
K15013	R00390
K07508	R00391
K07509	R00391
K00259	R00396
K19244	R00396
K09758	R00397
K01775	R00401
K01798	R00401
K18556	R00402
K18557	R00402
K18558	R00402
K18559	R00402
K18560	R00402
K01902	R00405
K01903	R00405
K14471	R00406
K14472	R00406
K03417	R00409
K01027	R00410
K01028	R00410
K01029	R00410
K05526	R00411
K08068	R00414
K12409	R00414
K24257	R00414
K00972	R00416
K04042	R00416
K11528	R00416
K02473	R00418
K01791	R00420
K02474	R00421
K13015	R00421
K22926	R00421
K01495	R00424
K09007	R00424
K22391	R00424
K01497	R00425
K14652	R00425
K01513	R00426
K04765	R00426
K01495	R00428
K09007	R00428
K22391	R00428
K00951	R00429
K01139	R00429
K07816	R00429
K00873	R00430
K12406	R00430
K01596	R00431
K01899	R00432
K01900	R00432
K01768	R00434
K01769	R00434
K05851	R00434
K05873	R00434
K08041	R00434
K08042	R00434
K08043	R00434
K08044	R00434
K08045	R00434
K08046	R00434
K08047	R00434
K08048	R00434
K08049	R00434
K11029	R00434
K11265	R00434
K12318	R00434
K12319	R00434
K12320	R00434
K12321	R00434
K12322	R00434
K12323	R00434
K12324	R00434
K22600	R00434
K19064	R00446
K03897	R00448
K00468	R00449
K01586	R00451
K12526	R00451
K18854	R00454
K03918	R00457
K25316	R00460
K25317	R00460
K01843	R00461
K01582	R00462
K00049	R00465
K00090	R00465
K12972	R00465
K15919	R00465
K18121	R00465
K18151	R00469
K01625	R00470
K18123	R00470
K18123	R00471
K01638	R00472
K08691	R00473
K19282	R00473
K01616	R00474
K00104	R00475
K11472	R00475
K11473	R00475
K11517	R00475
K00104	R00476
K11472	R00476
K11473	R00476
K01637	R00479
K00928	R00480
K12524	R00480
K12525	R00480
K12526	R00480
K00278	R00481
K01914	R00483
K01424	R00485
K05597	R00485
K13051	R00485
K13035	R00486
K18309	R00487
K01437	R00488
K01579	R00489
K01580	R00489
K18933	R00489
K18966	R00489
K24264	R00489
K01744	R00490
K01779	R00491
K00681	R00494
K18592	R00494
K01920	R00497
K21456	R00497
K12447	R00502
K00704	R00503
K07966	R00503
K07967	R00503
K01854	R00505
K01082	R00508
K06881	R00508
K15422	R00508
K15759	R00508
K00860	R00509
K00955	R00509
K13811	R00509
K06966	R00510
K01081	R00511
K02566	R00511
K03787	R00511
K08693	R00511
K08723	R00511
K11751	R00511
K19970	R00511
K24242	R00511
K25434	R00511
K00945	R00512
K13799	R00512
K13800	R00512
K13809	R00512
K00876	R00513
K21057	R00513
K22026	R00513
K01510	R00514
K14641	R00514
K14642	R00514
K01513	R00515
K04765	R00515
K06287	R00515
K08320	R00515
K25435	R00515
K00876	R00517
K00122	R00519
K00123	R00519
K00124	R00519
K00126	R00519
K00127	R00519
K22515	R00519
K01569	R00522
K01455	R00524
K01458	R00525
K01437	R00526
K01070	R00527
K00386	R00528
K05301	R00528
K00955	R00529
K00956	R00529
K00957	R00529
K00958	R00529
K13811	R00529
K00988	R00530
K22966	R00530
K22966	R00531
K00387	R00533
K01501	R00540
K01078	R00548
K01093	R00548
K03788	R00548
K09474	R00548
K14379	R00548
K14394	R00548
K14410	R00548
K20860	R00548
K20861	R00548
K20862	R00548
K20884	R00548
K23458	R00548
K00861	R00549
K11753	R00549
K20884	R00549
K01476	R00551
K01478	R00552
K00934	R00554
K13240	R00557
K13241	R00557
K13242	R00557
K13427	R00557
K13240	R00558
K13241	R00558
K13242	R00558
K13427	R00558
K23233	R00562
K00296	R00563
K00613	R00565
K01583	R00566
K01584	R00566
K01585	R00566
K02626	R00566
K25316	R00567
K25317	R00567
K01510	R00569
K14641	R00569
K14642	R00569
K00940	R00570
K18533	R00570
K01937	R00571
K01937	R00573
K01954	R00575
K01955	R00575
K01956	R00575
K11540	R00575
K11541	R00575
K01953	R00578
K25316	R00579
K25317	R00579
K01079	R00582
K02203	R00582
K22305	R00582
K25528	R00582
K00830	R00585
K13290	R00585
K00640	R00586
K19726	R00586
K23304	R00586
K00830	R00588
K12235	R00589
K25316	R00589
K25317	R00589
K01752	R00590
K17989	R00590
K00554	R00597
K15429	R00597
K15461	R00601
K00430	R00602
K03781	R00602
K03782	R00602
K11188	R00602
K17070	R00603
K00148	R00604
K00093	R00605
K08685	R00606
K15228	R00606
K15229	R00606
K17066	R00608
K22084	R00609
K22085	R00609
K22086	R00609
K22087	R00609
K00301	R00610
K00302	R00610
K00303	R00610
K00304	R00610
K00305	R00610
K00306	R00610
K00314	R00611
K17067	R00614
K17068	R00614
K06928	R00615
K06949	R00615
K00946	R00617
K05307	R00618
K00949	R00619
K00164	R00621
K01616	R00621
K00001	R00623
K00121	R00623
K04072	R00623
K13951	R00623
K13952	R00623
K13953	R00623
K13954	R00623
K13980	R00623
K18857	R00623
K00664	R00627
K01015	R00629
K00128	R00631
K00149	R00631
K14085	R00631
K00225	R00640
K00434	R00644
K03334	R00648
K00547	R00650
K01740	R00651
K01761	R00654
K01689	R00658
K00790	R00660
K01841	R00661
K23999	R00661
K01513	R00662
K04765	R00662
K06287	R00662
K07043	R00662
K25435	R00662
K00819	R00667
K01438	R00669
K14677	R00669
K01581	R00670
K01750	R00671
K21898	R00672
K25316	R00672
K25317	R00672
K01667	R00673
K01695	R00674
K01696	R00674
K06001	R00674
K03334	R00677
K00453	R00678
K00463	R00678
K00466	R00679
K14265	R00684
K01593	R00685
K22433	R00685
K00270	R00688
K03334	R00689
K21795	R00690
K01713	R00691
K04518	R00691
K05359	R00691
K14170	R00691
K05821	R00692
K03825	R00693
K00811	R00694
K00812	R00694
K00813	R00694
K00815	R00694
K00817	R00694
K00832	R00694
K00838	R00694
K05821	R00694
K11358	R00694
K14454	R00694
K14455	R00694
K15849	R00694
K10775	R00697
K13064	R00697
K03782	R00698
K01593	R00699
K22427	R00699
K00436	R00700
K00801	R00702
K10208	R00702
K00016	R00703
K03777	R00704
K03778	R00704
K00140	R00705
K00140	R00706
K00294	R00707
K13821	R00707
K00294	R00708
K13821	R00708
K00030	R00709
K17753	R00709
K00128	R00710
K00149	R00710
K14085	R00710
K00129	R00711
K00138	R00711
K00135	R00713
K00139	R00713
K08324	R00713
K17761	R00713
K00135	R00714
K08324	R00714
K00290	R00715
K14157	R00716
K00015	R00717
K00018	R00717
K15893	R00717
K01510	R00719
K01529	R00719
K14641	R00719
K14642	R00719
K01519	R00720
K00940	R00722
K18533	R00722
K01596	R00726
K01899	R00727
K01900	R00727
K01668	R00728
K03334	R00729
K13027	R00730
K00505	R00731
K00220	R00732
K24018	R00732
K15226	R00733
K15227	R00733
K00811	R00734
K00812	R00734
K00813	R00734
K00815	R00734
K00817	R00734
K00832	R00734
K00838	R00734
K05821	R00734
K11358	R00734
K14454	R00734
K14455	R00734
K15849	R00734
K01592	R00736
K01593	R00736
K18933	R00736
K10774	R00737
K13064	R00737
K14468	R00740
K15017	R00740
K01946	R00742
K01961	R00742
K01962	R00742
K01963	R00742
K01964	R00742
K02160	R00742
K11262	R00742
K11263	R00742
K15036	R00742
K15037	R00742
K18472	R00742
K18603	R00742
K18604	R00742
K18605	R00742
K19312	R00742
K22568	R00742
K00002	R00746
K12957	R00746
K13979	R00746
K05306	R00747
K14286	R00748
K03735	R00749
K03736	R00749
K04019	R00749
K01666	R00750
K18365	R00750
K01620	R00751
K00001	R00754
K00121	R00754
K04022	R00754
K04072	R00754
K13951	R00754
K13952	R00754
K13953	R00754
K13954	R00754
K13980	R00754
K18857	R00754
K01568	R00755
K00850	R00756
K16370	R00756
K21071	R00756
K24182	R00756
K00009	R00758
K00844	R00760
K00847	R00760
K01621	R00761
K01086	R00762
K01622	R00762
K02446	R00762
K03841	R00762
K04041	R00762
K11532	R00762
K01103	R00763
K14634	R00763
K19028	R00763
K19029	R00763
K19030	R00763
K00895	R00764
K21071	R00764
K02564	R00765
K00696	R00766
K00820	R00768
K01810	R00771
K06859	R00771
K13810	R00771
K15916	R00771
K01809	R00772
K15916	R00772
K16011	R00772
K01941	R00774
K14541	R00774
K01483	R00776
K16856	R00776
K06035	R00778
K00816	R00782
K01758	R00782
K01760	R00782
K14155	R00782
K17217	R00782
K20021	R00782
K22207	R00782
K00368	R00783
K15864	R00783
K00368	R00785
K15864	R00785
K00361	R00787
K00362	R00787
K00363	R00787
K17877	R00787
K26138	R00787
K26139	R00787
K00361	R00789
K17877	R00789
K26138	R00789
K26139	R00789
K00366	R00790
K00367	R00791
K10534	R00794
K10534	R00796
K00360	R00798
K00370	R00798
K00371	R00798
K00372	R00798
K00374	R00798
K02567	R00798
K02568	R00798
K01182	R00801
K01187	R00801
K01193	R00801
K01203	R00801
K12047	R00801
K12316	R00801
K12317	R00801
K01187	R00802
K01193	R00802
K01203	R00802
K12047	R00802
K12316	R00802
K12317	R00802
K15922	R00802
K00690	R00803
K07757	R00804
K07024	R00805
K00695	R00806
K02810	R00811
K16269	R00812
K05783	R00813
K03380	R00815
K00446	R00816
K07104	R00816
K03381	R00817
K00480	R00818
K14333	R00821
K05599	R00823
K05600	R00823
K11311	R00823
K16319	R00823
K16320	R00823
K18248	R00823
K18249	R00823
K05599	R00825
K05600	R00825
K11311	R00825
K16319	R00825
K16320	R00825
K18248	R00825
K18249	R00825
K00632	R00829
K02615	R00829
K07823	R00829
K00643	R00830
K00673	R00832
K01847	R00833
K01848	R00833
K01849	R00833
K00036	R00835
K01226	R00837
K01232	R00837
K01232	R00838
K01222	R00839
K01223	R00839
K06116	R00841
K06117	R00841
K24189	R00841
K00006	R00842
K00057	R00842
K00057	R00844
K00105	R00846
K00864	R00847
K00111	R00848
K00112	R00848
K00113	R00848
K00629	R00851
K00630	R00851
K00631	R00851
K13506	R00851
K13507	R00851
K13508	R00851
K01517	R00855
K00980	R00856
K00380	R00858
K00381	R00858
K00385	R00858
K16950	R00858
K16951	R00858
K00392	R00859
K00394	R00860
K00395	R00860
K11180	R00861
K11181	R00861
K09758	R00863
K00846	R00866
K00844	R00867
K00847	R00867
K00007	R00868
K00045	R00868
K00008	R00875
K01805	R00878
K03332	R00879
K00066	R00880
K00966	R00885
K00971	R00885
K16011	R00885
K16881	R00885
K01711	R00888
K10046	R00889
K01697	R00891
K10150	R00891
K00456	R00893
K01919	R00894
K06048	R00894
K11204	R00894
K11205	R00894
K00811	R00896
K00812	R00896
K00813	R00896
K11358	R00896
K14454	R00896
K14455	R00896
K01738	R00897
K10150	R00897
K13034	R00897
K17069	R00897
K01255	R00899
K01256	R00899
K01270	R00899
K07751	R00899
K11140	R00899
K11142	R00899
K15428	R00899
K25316	R00903
K25317	R00903
K00128	R00904
K00129	R00904
K00149	R00904
K14085	R00904
K01431	R00905
K06016	R00905
K00822	R00907
K00823	R00908
K07250	R00908
K13524	R00908
K15372	R00908
K25571	R00908
K14755	R00910
K14755	R00912
K10817	R00918
K24563	R00918
K24564	R00918
K14469	R00919
K15020	R00919
K19745	R00919
K01905	R00920
K22224	R00920
K24012	R00920
K00625	R00921
K13788	R00921
K13923	R00921
K15024	R00921
K00140	R00922
K11264	R00923
K18426	R00923
K01895	R00925
K01908	R00925
K01895	R00926
K01908	R00926
K00632	R00927
K07508	R00927
K07509	R00927
K07513	R00927
K01026	R00928
K03416	R00930
K01659	R00931
K08691	R00934
K19281	R00934
K00140	R00935
K00287	R00936
K13938	R00936
K13998	R00936
K18589	R00936
K18590	R00936
K18591	R00936
K19643	R00936
K19644	R00936
K19645	R00936
K00287	R00937
K13998	R00937
K18589	R00937
K18590	R00937
K18591	R00937
K19643	R00937
K19644	R00937
K00287	R00939
K13938	R00939
K13998	R00939
K18589	R00939
K18590	R00939
K18591	R00939
K19643	R00939
K19644	R00939
K19645	R00939
K00287	R00940
K13998	R00940
K18589	R00940
K18590	R00940
K18591	R00940
K19643	R00940
K19644	R00940
K00289	R00941
K01930	R00942
K11754	R00942
K22099	R00942
K00288	R00943
K01938	R00943
K13402	R00943
K01433	R00944
K00600	R00945
K00548	R00946
K24042	R00946
K01085	R00947
K20866	R00947
K00975	R00948
K18447	R00951
K00702	R00952
K00965	R00955
K00978	R00956
K01835	R00959
K15778	R00959
K15779	R00959
K01510	R00961
K01511	R00961
K12304	R00961
K12305	R00961
K14641	R00961
K14642	R00961
K16855	R00961
K01081	R00963
K02566	R00963
K03787	R00963
K08693	R00963
K08723	R00963
K11751	R00963
K19970	R00963
K25434	R00963
K00876	R00964
K01591	R00965
K13421	R00965
K00761	R00966
K02825	R00966
K00876	R00968
K01518	R00969
K26955	R00969
K01485	R00974
K03365	R00974
K17722	R00977
K17723	R00977
K00207	R00978
K08295	R00982
K09460	R00982
K18000	R00982
K12643	R00984
K01656	R00985
K01657	R00985
K01658	R00985
K13497	R00985
K13501	R00985
K13503	R00985
K01656	R00986
K01657	R00986
K01658	R00986
K13497	R00986
K13501	R00986
K13503	R00986
K01556	R00987
K01432	R00988
K07130	R00988
K14263	R00988
K00052	R00994
K01754	R00996
K17989	R00996
K01505	R00997
K01739	R00999
K00016	R01000
K01758	R01001
K17217	R01001
K07252	R01004
K00729	R01005
K00721	R01009
K09658	R01009
K09659	R01009
K00863	R01011
K05878	R01012
K05879	R01012
K05881	R01012
K00649	R01013
K01803	R01015
K01734	R01016
K00902	R01018
K00866	R01021
K14156	R01021
K25657	R01021
K17755	R01022
K00623	R01023
K00108	R01025
K01049	R01026
K01126	R01030
K18695	R01030
K18696	R01030
K08686	R01033
K20808	R01033
K20809	R01033
K00005	R01034
K22251	R01034
K00011	R01036
K18097	R01039
K00002	R01041
K00011	R01041
K13979	R01041
K06120	R01047
K06121	R01047
K06122	R01047
K00948	R01049
K00852	R01051
K01515	R01054
K01517	R01054
K08312	R01054
K13987	R01054
K13988	R01054
K18453	R01054
K26956	R01054
K16329	R01055
K16330	R01055
K01807	R01056
K01808	R01056
K01835	R01057
K01839	R01057
K15778	R01057
K15779	R01057
K22199	R01057
K00131	R01058
K18978	R01058
K00863	R01059
K00134	R01061
K00150	R01061
K10705	R01061
K00150	R01063
K05298	R01063
K01631	R01064
K11395	R01064
K01619	R01066
K00615	R01067
K01622	R01068
K01623	R01068
K01624	R01068
K11645	R01068
K16305	R01068
K16306	R01068
K01635	R01069
K08302	R01069
K16371	R01069
K01622	R01070
K01623	R01070
K01624	R01070
K11645	R01070
K16305	R01070
K16306	R01070
K00765	R01071
K02502	R01071
K00764	R01072
K00766	R01073
K13497	R01073
K01942	R01074
K01947	R01074
K03524	R01074
K01435	R01077
K01012	R01078
K01240	R01080
K01250	R01080
K10213	R01080
K12700	R01080
K25589	R01080
K01675	R01082
K01676	R01082
K01677	R01082
K01678	R01082
K01679	R01082
K01774	R01082
K01756	R01083
K01557	R01085
K16164	R01085
K16165	R01085
K01755	R01086
K14681	R01086
K01799	R01087
K00263	R01088
K00826	R01090
K00849	R01092
K00011	R01093
K00035	R01094
K22215	R01094
K00011	R01095
K18124	R01096
K18125	R01096
K00035	R01097
K22215	R01097
K04618	R01098
K01189	R01101
K07406	R01101
K07407	R01101
K01189	R01103
K07406	R01103
K07407	R01103
K01189	R01104
K07406	R01104
K07407	R01104
K01190	R01105
K12308	R01105
K00370	R01106
K00371	R01106
K00372	R01106
K00374	R01106
K02567	R01106
K21888	R01108
K08080	R01115
K00983	R01117
K21749	R01117
K01597	R01121
K00791	R01122
K01823	R01123
K01081	R01126
K02566	R01126
K03787	R01126
K08693	R01126
K11751	R01126
K18550	R01126
K19970	R01126
K20881	R01126
K00602	R01127
K11176	R01127
K00088	R01130
K00892	R01131
K22026	R01131
K00760	R01132
K15780	R01132
K19836	R01132
K00364	R01134
K26110	R01134
K01939	R01135
K00940	R01137
K18533	R01137
K00873	R01138
K12406	R01138
K16157	R01142
K16158	R01142
K16159	R01142
K16160	R01142
K16161	R01142
K16162	R01142
K14028	R01146
K14029	R01146
K23995	R01146
K00824	R01148
K01921	R01150
K03343	R01151
K11182	R01151
K12251	R01152
K05353	R01153
K00657	R01154
K09251	R01155
K01480	R01157
K00013	R01158
K14152	R01158
K00013	R01163
K14152	R01163
K14755	R01164
K05604	R01166
K08660	R01166
K01590	R01167
K01745	R01168
K18911	R01169
K20246	R01169
K00209	R01171
K00132	R01172
K04072	R01172
K04073	R01172
K18366	R01172
K00634	R01174
K00232	R01175
K00248	R01175
K00249	R01175
K06445	R01175
K09478	R01175
K01896	R01176
K01913	R01176
K23756	R01176
K00626	R01177
K00632	R01177
K07508	R01177
K07509	R01177
K07513	R01177
K00248	R01178
K01034	R01179
K01035	R01179
K19709	R01179
K00010	R01183
K00469	R01184
K01092	R01185
K10047	R01185
K18649	R01185
K01092	R01186
K10047	R01186
K18649	R01186
K01092	R01187
K10047	R01187
K18649	R01187
K18819	R01192
K01189	R01194
K07406	R01194
K07407	R01194
K00169	R01196
K00170	R01196
K00171	R01196
K00172	R01196
K00174	R01196
K00175	R01196
K00189	R01196
K03737	R01196
K00174	R01197
K00175	R01197
K00176	R01197
K00177	R01197
K00169	R01199
K00170	R01199
K00171	R01199
K00172	R01199
K00189	R01199
K00884	R01201
K01183	R01206
K13381	R01206
K20547	R01206
K01787	R01207
K01687	R01209
K00166	R01210
K00167	R01210
K00382	R01210
K09699	R01210
K11381	R01210
K00271	R01212
K01649	R01213
K00826	R01214
K00835	R01215
K14260	R01215
K00295	R01218
K13403	R01218
K00288	R01220
K00300	R01220
K01491	R01220
K00281	R01221
K00282	R01221
K00283	R01221
K00382	R01221
K00605	R01221
K02437	R01221
K25004	R01224
K25009	R01224
K00606	R01226
K01081	R01227
K02566	R01227
K03787	R01227
K08693	R01227
K11751	R01227
K19970	R01227
K20881	R01227
K00892	R01228
K22026	R01228
K00760	R01229
K00769	R01229
K03816	R01229
K15780	R01229
K19836	R01229
K01951	R01230
K01951	R01231
K01518	R01232
K26955	R01232
K01120	R01234
K08718	R01234
K13296	R01234
K13298	R01234
K13755	R01234
K13756	R01234
K13757	R01234
K13758	R01234
K13759	R01234
K13760	R01234
K13761	R01234
K13762	R01234
K13763	R01234
K18283	R01234
K18438	R01234
K19021	R01234
K01612	R01238
K03186	R01238
K16239	R01238
K21759	R01238
K01014	R01242
K01486	R01244
K21053	R01244
K01239	R01245
K19742	R01246
K19743	R01246
K00286	R01248
K19742	R01249
K19743	R01249
K00286	R01251
K00472	R01252
K00318	R01253
K13821	R01253
K01777	R01255
K08692	R01256
K14067	R01256
K00116	R01257
K00681	R01262
K18592	R01262
K13035	R01267
K01440	R01268
K08281	R01268
K00541	R01269
K03462	R01271
K01240	R01273
K01068	R01274
K01074	R01274
K10804	R01274
K10805	R01274
K10806	R01274
K17360	R01274
K07512	R01278
K00232	R01279
K00249	R01279
K00255	R01279
K06445	R01279
K09479	R01279
K01897	R01280
K15013	R01280
K00654	R01281
K17217	R01283
K00816	R01286
K01760	R01286
K14155	R01286
K01740	R01287
K01739	R01288
K10764	R01288
K01697	R01290
K10150	R01290
K07173	R01291
K00141	R01293
K20199	R01294
K07824	R01295
K00481	R01298
K04105	R01300
K20458	R01300
K01075	R01301
K03181	R01302
K18240	R01302
K05913	R01305
K22553	R01306
K01115	R01310
K16860	R01310
K17717	R01310
K01114	R01312
K16619	R01312
K01047	R01315
K01058	R01315
K14621	R01315
K14674	R01315
K16342	R01315
K16343	R01315
K16817	R01315
K01058	R01316
K06900	R01316
K16817	R01316
K16818	R01316
K22389	R01316
K01047	R01317
K01058	R01317
K14621	R01317
K14674	R01317
K16342	R01317
K16343	R01317
K16817	R01317
K13510	R01318
K13512	R01318
K13515	R01318
K13519	R01318
K00550	R01320
K00551	R01320
K00570	R01320
K00994	R01321
K13644	R01321
K15232	R01322
K15233	R01322
K01681	R01324
K01682	R01324
K01681	R01325
K01682	R01325
K00844	R01326
K01189	R01329
K07406	R01329
K07407	R01329
K01218	R01332
K19355	R01332
K07248	R01333
K01091	R01334
K19269	R01334
K22223	R01334
K00824	R01344
K22457	R01346
K00496	R01347
K07422	R01348
K07425	R01348
K15401	R01348
K20495	R01348
K22887	R01348
K01059	R01350
K01054	R01351
K25824	R01351
K13700	R01352
K13704	R01352
K00925	R01353
K00932	R01353
K19697	R01353
K01895	R01354
K01908	R01354
K20454	R01355
K01907	R01357
K01034	R01359
K01035	R01359
K19709	R01359
K01640	R01360
K00019	R01361
K01555	R01364
K16171	R01364
K01034	R01365
K01035	R01365
K01574	R01366
K13574	R01370
K18606	R01370
K23109	R01370
K13574	R01371
K18606	R01371
K00457	R01372
K01713	R01373
K04518	R01373
K05359	R01373
K14170	R01373
K00285	R01374
K12732	R01377
K07253	R01378
K12447	R01381
K00699	R01383
K08678	R01384
K12449	R01384
K08679	R01385
K12449	R01386
K00015	R01388
K00018	R01388
K00049	R01388
K00090	R01388
K12972	R01388
K15893	R01388
K15919	R01388
K22982	R01388
K00049	R01392
K00090	R01392
K12972	R01392
K15919	R01392
K18121	R01392
K22982	R01392
K01816	R01394
K00926	R01395
K01954	R01395
K01955	R01395
K01956	R01395
K11540	R01395
K11541	R01395
K00608	R01397
K00609	R01397
K00610	R01397
K11540	R01397
K11541	R01397
K00611	R01398
K01243	R01401
K01244	R01401
K18284	R01401
K00772	R01402
K05810	R01402
K00208	R01403
K00209	R01403
K02371	R01403
K00208	R01404
K00665	R01404
K00668	R01404
K07512	R01404
K10780	R01404
K01909	R01406
K05939	R01406
K10675	R01408
K08248	R01409
K08249	R01409
K13033	R01409
K01485	R01411
K03365	R01411
K17722	R01414
K17723	R01414
K00207	R01415
K10536	R01416
K00141	R01419
K01512	R01421
K04105	R01422
K04110	R01422
K01451	R01424
K14273	R01429
K22185	R01429
K00078	R01430
K14273	R01430
K00011	R01431
K17743	R01431
K26066	R01431
K01805	R01432
K01198	R01433
K15920	R01433
K22268	R01433
K00263	R01434
K00271	R01434
K17100	R01440
K16213	R01445
K07248	R01446
K19266	R01446
K01026	R01449
K22373	R01450
K00213	R01451
K00498	R01454
K00213	R01456
K09828	R01457
K03333	R01459
K00637	R01461
K01052	R01462
K12298	R01462
K14674	R01462
K00489	R01463
K00060	R01465
K15789	R01465
K01733	R01466
K00894	R01468
K14156	R01468
K01126	R01470
K18695	R01470
K18696	R01470
K12448	R01473
K16190	R01476
K01195	R01478
K14756	R01478
K00002	R01481
K01812	R01482
K00798	R01492
K04032	R01492
K19221	R01492
K01441	R01494
K12348	R01494
K12349	R01494
K04715	R01495
K04710	R01496
K23727	R01496
K24621	R01496
K24622	R01496
K00720	R01497
K01201	R01498
K17108	R01498
K04628	R01500
K26283	R01503
K00216	R01505
K10621	R01507
K00927	R01512
K00058	R01513
K15918	R01514
K01512	R01515
K01837	R01516
K01834	R01518
K01837	R01518
K15633	R01518
K15634	R01518
K15635	R01518
K01053	R01519
K00034	R01520
K00034	R01521
K21840	R01522
K00855	R01523
K21680	R01524
K05352	R01525
K21680	R01525
K21681	R01525
K00853	R01526
K00875	R01526
K22935	R01526
K24707	R01526
K00033	R01528
K01783	R01529
K02467	R01530
K06041	R01530
K05308	R01538
K01685	R01540
K16849	R01540
K16850	R01540
K00874	R01541
K18126	R01541
K00065	R01542
K22345	R01544
K00939	R01547
K18532	R01547
K18533	R01547
K23259	R01550
K13033	R01553
K14577	R01553
K00691	R01555
K05343	R01557
K22133	R01558
K01488	R01560
K05810	R01560
K19572	R01560
K03783	R01561
K03784	R01561
K05810	R01561
K09913	R01561
K01119	R01562
K03787	R01562
K08693	R01562
K08687	R01563
K00309	R01564
K00315	R01565
K08688	R01566
K00857	R01567
K05961	R01567
K01081	R01569
K02566	R01569
K03787	R01569
K06952	R01569
K07023	R01569
K08693	R01569
K08722	R01569
K08723	R01569
K11751	R01569
K19970	R01569
K25434	R01569
K00756	R01570
K00758	R01570
K09913	R01570
K00062	R01574
K00063	R01574
K00063	R01575
K19590	R01575
K01818	R01577
K01425	R01579
K05597	R01579
K23265	R01579
K00824	R01582
K22210	R01583
K22081	R01586
K22082	R01586
K22083	R01586
K00317	R01588
K00509	R01590
K11987	R01590
K00460	R01593
K08022	R01593
K19246	R01593
K26082	R01594
K00461	R01595
K00458	R01596
K00844	R01600
K00845	R01600
K12407	R01600
K25026	R01600
K01785	R01602
K23146	R01608
K00660	R01613
K13232	R01614
K09753	R01615
K01904	R01616
K14329	R01617
K00988	R01618
K19710	R01618
K18854	R01620
K01621	R01621
K08682	R01623
K00665	R01624
K00668	R01624
K11533	R01624
K00997	R01625
K06133	R01625
K00645	R01626
K00665	R01626
K00668	R01626
K11533	R01626
K13935	R01626
K09483	R01627
K15652	R01627
K26400	R01627
K19065	R01628
K00448	R01631
K00449	R01631
K04100	R01632
K04101	R01632
K18076	R01633
K18256	R01634
K04102	R01635
K00854	R01639
K00615	R01641
K00043	R01644
K08318	R01644
K18120	R01644
K02510	R01645
K02510	R01647
K00823	R01648
K07250	R01648
K13524	R01648
K14268	R01648
K18614	R01649
K00166	R01651
K00167	R01651
K00382	R01651
K09699	R01651
K11381	R01651
K00288	R01655
K01491	R01655
K01500	R01655
K13403	R01655
K14130	R01657
K00787	R01658
K00795	R01658
K00804	R01658
K13787	R01658
K13789	R01658
K14066	R01658
K11809	R01660
K01837	R01662
K01493	R01663
K01081	R01664
K02566	R01664
K03787	R01664
K06952	R01664
K07023	R01664
K08693	R01664
K08722	R01664
K08723	R01664
K11751	R01664
K19970	R01664
K25434	R01664
K00945	R01665
K13799	R01665
K13800	R01665
K13809	R01665
K00893	R01666
K05961	R01666
K15519	R01666
K16904	R01667
K08320	R01668
K16904	R01668
K19796	R01669
K01487	R01676
K01239	R01677
K01190	R01678
K01229	R01678
K12111	R01678
K12112	R01678
K12309	R01678
K01580	R01682
K18966	R01682
K15372	R01684
K07255	R01685
K07256	R01685
K00681	R01687
K18592	R01687
K00929	R01688
K00382	R01698
K00161	R01699
K00162	R01699
K00163	R01699
K00164	R01700
K01616	R01700
K00166	R01701
K00167	R01701
K11381	R01701
K00166	R01702
K00167	R01702
K11381	R01702
K00665	R01706
K10781	R01706
K18609	R01707
K05275	R01708
K00157	R01709
K00275	R01710
K23998	R01710
K00275	R01711
K18607	R01711
K23998	R01711
K18608	R01712
K01736	R01714
K01850	R01715
K04092	R01715
K04093	R01715
K04516	R01715
K06208	R01715
K06209	R01715
K13853	R01715
K14170	R01715
K14187	R01715
K01664	R01716
K01665	R01716
K03342	R01716
K13950	R01716
K01851	R01717
K02361	R01717
K02552	R01717
K14759	R01717
K01182	R01718
K01203	R01718
K20445	R01720
K20446	R01720
K20447	R01720
K20448	R01720
K00763	R01724
K00220	R01728
K04517	R01728
K14187	R01728
K24018	R01728
K00211	R01730
K00832	R01731
K15849	R01731
K01069	R01736
K00851	R01737
K25031	R01737
K00090	R01739
K22229	R01739
K06151	R01741
K06152	R01741
K00042	R01745
K00042	R01747
K07246	R01751
K00128	R01752
K00149	R01752
K14085	R01752
K12446	R01754
K13873	R01757
K19660	R01757
K00011	R01758
K25881	R01758
K00011	R01759
K26066	R01759
K01804	R01761
K01209	R01762
K15921	R01762
K20844	R01762
K00055	R01763
K01576	R01764
K08248	R01767
K20802	R01767
K00087	R01768
K00106	R01768
K11177	R01768
K11178	R01768
K13479	R01768
K13480	R01768
K13481	R01768
K13482	R01768
K13483	R01768
K00106	R01769
K01239	R01770
K25589	R01770
K00872	R01771
K02203	R01771
K02204	R01771
K00003	R01773
K12524	R01773
K12525	R01773
K00003	R01775
K12524	R01775
K12525	R01775
K00641	R01776
K00651	R01776
K19726	R01776
K00641	R01777
K00651	R01777
K00022	R01778
K07515	R01778
K00023	R01779
K00048	R01781
K26209	R01781
K22397	R01782
K01629	R01785
K00844	R01786
K00845	R01786
K12407	R01786
K25026	R01786
K00011	R01787
K01084	R01788
K01178	R01790
K12047	R01790
K21574	R01790
K01178	R01791
K01182	R01791
K01203	R01791
K12047	R01791
K21574	R01791
K00357	R01793
K00357	R01794
K00500	R01795
K01521	R01797
K00981	R01799
K00998	R01800
K17103	R01800
K00995	R01801
K00999	R01802
K08080	R01803
K01654	R01804
K01097	R01805
K01639	R01811
K03793	R01812
K00072	R01813
K00502	R01814
K00501	R01815
K01840	R01818
K15778	R01818
K16881	R01818
K17497	R01818
K01809	R01819
K15916	R01819
K16011	R01819
K05341	R01823
K06044	R01824
K03472	R01825
K01626	R01826
K03856	R01826
K13853	R01826
K00616	R01827
K13810	R01827
K01623	R01829
K01624	R01829
K11645	R01829
K00615	R01830
K16051	R01834
K00251	R01835
K04119	R01836
K05296	R01836
K13368	R01836
K13369	R01836
K13370	R01836
K00070	R01837
K04119	R01838
K05296	R01838
K10207	R01838
K07434	R01840
K11214	R01844
K01086	R01845
K01100	R01845
K11532	R01845
K17285	R01851
K25500	R01855
K01129	R01856
K00940	R01857
K18533	R01857
K00873	R01858
K12406	R01858
K01964	R01859
K01965	R01859
K01966	R01859
K11263	R01859
K15036	R01859
K15037	R01859
K15052	R01859
K18472	R01859
K18603	R01859
K18604	R01859
K18605	R01859
K19312	R01859
K22568	R01859
K16949	R01861
K03783	R01863
K03784	R01863
K05810	R01863
K09913	R01863
K00226	R01867
K00254	R01868
K02823	R01869
K17828	R01869
K00762	R01870
K13421	R01870
K05887	R01872
K09484	R01872
K25901	R01872
K05358	R01873
K05396	R01874
K00756	R01876
K00757	R01876
K09913	R01876
K01119	R01877
K03787	R01877
K08693	R01877
K01489	R01878
K00933	R01881
K00542	R01883
K01470	R01884
K18447	R01885
K01501	R01887
K00968	R01890
K25658	R01890
K00039	R01895
K00008	R01896
K05351	R01896
K09988	R01898
K00031	R01899
K01681	R01900
K01682	R01900
K00880	R01901
K00848	R01902
K25880	R01903
K03331	R01904
K25879	R01904
K01820	R01906
K01577	R01908
K00868	R01909
K07758	R01911
K13248	R01911
K00316	R01914
K13366	R01914
K00316	R01915
K01460	R01917
K01833	R01917
K01917	R01917
K01460	R01918
K01833	R01918
K00797	R01920
K24034	R01920
K08765	R01923
K08766	R01923
K19523	R01923
K19524	R01923
K04718	R01926
K04628	R01928
K01011	R01931
K02439	R01931
K00382	R01933
K00658	R01933
K15791	R01933
K05824	R01934
K10978	R01934
K17753	R01934
K05824	R01936
K10978	R01936
K17753	R01936
K00825	R01939
K00838	R01939
K05825	R01939
K26062	R01939
K15791	R01940
K09753	R01941
K00588	R01942
K01904	R01943
K13065	R01945
K00976	R01951
K25314	R01951
K25315	R01951
K01940	R01954
K00816	R01956
K00825	R01956
K14264	R01956
K01432	R01959
K07130	R01959
K14263	R01959
K00486	R01960
K00844	R01961
K18676	R01961
K15855	R01966
K00893	R01967
K00904	R01967
K05961	R01967
K15518	R01967
K25641	R01967
K01081	R01968
K02566	R01968
K03787	R01968
K06952	R01968
K07023	R01968
K08693	R01968
K08722	R01968
K11751	R01968
K19970	R01968
K03783	R01969
K03784	R01969
K04103	R01974
K00022	R01975
K01782	R01975
K01825	R01975
K07514	R01975
K07516	R01975
K10527	R01975
K15016	R01975
K00074	R01976
K00023	R01977
K01641	R01978
K18677	R01980
K01184	R01982
K01213	R01982
K01812	R01983
K00128	R01986
K00149	R01986
K14085	R01986
K00613	R01989
K12255	R01990
K27001	R01990
K14755	R01991
K05604	R01992
K08660	R01992
K01465	R01993
K11540	R01993
K03276	R01994
K03279	R01994
K03280	R01996
K03278	R01997
K15406	R01999
K00529	R02000
K00530	R02000
K05297	R02000
K21738	R02000
K22567	R02000
K00530	R02002
K00787	R02003
K00795	R02003
K00804	R02003
K13787	R02003
K13789	R02003
K15097	R02004
K15098	R02007
K12467	R02009
K21925	R02009
K15088	R02013
K21925	R02013
K21926	R02013
K00524	R02014
K00527	R02014
K00384	R02016
K00525	R02017
K00526	R02017
K10807	R02017
K10808	R02017
K00525	R02018
K00526	R02018
K10807	R02018
K10808	R02018
K00525	R02019
K00526	R02019
K10807	R02019
K10808	R02019
K00524	R02020
K00527	R02020
K00390	R02021
K00524	R02022
K00527	R02022
K00524	R02023
K00527	R02023
K00525	R02024
K00526	R02024
K10807	R02024
K10808	R02024
K08968	R02025
K01739	R02026
K01740	R02026
K01114	R02027
K16619	R02027
K18694	R02027
K01094	R02029
K01095	R02029
K01096	R02029
K18697	R02029
K08744	R02030
K00032	R02032
K00032	R02034
K01057	R02035
K07404	R02035
K13937	R02035
K01690	R02036
K05929	R02037
K00967	R02038
K00827	R02050
K01115	R02051
K16860	R02051
K17717	R02051
K01114	R02052
K16619	R02052
K01047	R02053
K01058	R02053
K14621	R02053
K14674	R02053
K16342	R02053
K16343	R02053
K16817	R02053
K01058	R02054
K06900	R02054
K16817	R02054
K16818	R02054
K22389	R02054
K01613	R02055
K00551	R02056
K00570	R02056
K16369	R02056
K00993	R02057
K13644	R02057
K00621	R02058
K01443	R02059
K03431	R02060
K00804	R02061
K13787	R02061
K13789	R02061
K10960	R02063
K12929	R02064
K02291	R02065
K17841	R02065
K23152	R02065
K04120	R02068
K20657	R02068
K00882	R02071
K00895	R02073
K21071	R02073
K00422	R02078
K00505	R02078
K01592	R02080
K01593	R02080
K00054	R02081
K00021	R02082
K05607	R02085
K13766	R02085
K01788	R02087
K13967	R02087
K01081	R02088
K02566	R02088
K03787	R02088
K06952	R02088
K07023	R02088
K08693	R02088
K08722	R02088
K11751	R02088
K19970	R02088
K00893	R02089
K05961	R02089
K10353	R02089
K15519	R02089
K00942	R02090
K01510	R02092
K14641	R02092
K14642	R02092
K00940	R02093
K18533	R02093
K00943	R02094
K01510	R02095
K14641	R02095
K14642	R02095
K00943	R02098
K00857	R02099
K05961	R02099
K01520	R02100
K00560	R02101
K13998	R02101
K01081	R02102
K02566	R02102
K03787	R02102
K06952	R02102
K07023	R02102
K08693	R02102
K08722	R02102
K08723	R02102
K11751	R02102
K19970	R02102
K25434	R02102
K00087	R02103
K00106	R02103
K11177	R02103
K11178	R02103
K13479	R02103
K13480	R02103
K13481	R02103
K13482	R02103
K13483	R02103
K00365	R02106
K16838	R02106
K00106	R02107
K01176	R02108
K05343	R02108
K07405	R02108
K01196	R02109
K00700	R02110
K16149	R02110
K00688	R02111
K00705	R02111
K01196	R02111
K01200	R02111
K02438	R02111
K16153	R02111
K22451	R02111
K01176	R02112
K01177	R02112
K01208	R02112
K05343	R02112
K05992	R02112
K07405	R02112
K00650	R02114
K13492	R02118
K13494	R02119
K00689	R02120
K07249	R02123
K00001	R02124
K00121	R02124
K11149	R02124
K11154	R02124
K13369	R02124
K13951	R02124
K13952	R02124
K13953	R02124
K13980	R02124
K15734	R02124
K00157	R02125
K00877	R02133
K03707	R02133
K07251	R02134
K01077	R02135
K01078	R02135
K06949	R02135
K14394	R02135
K22911	R02135
K23458	R02135
K01250	R02137
K10213	R02137
K12700	R02137
K19794	R02139
K00760	R02142
K00769	R02142
K03816	R02142
K15780	R02142
K19836	R02142
K01239	R02143
K19787	R02144
K22437	R02144
K03783	R02147
K03784	R02147
K05810	R02147
K09913	R02147
K26211	R02147
K26212	R02147
K01119	R02148
K03787	R02148
K08693	R02148
K11182	R02150
K00546	R02155
K05279	R02157
K10757	R02158
K13270	R02159
K05278	R02160
K00233	R02164
K00234	R02164
K00235	R02164
K00236	R02164
K00237	R02164
K00239	R02164
K00240	R02164
K00241	R02164
K00242	R02164
K00244	R02164
K00245	R02164
K00246	R02164
K00247	R02164
K18859	R02164
K18860	R02164
K25801	R02164
K25995	R02164
K25996	R02164
K19270	R02167
K24204	R02167
K01434	R02170
K24041	R02170
K00274	R02173
K11182	R02173
K00562	R02174
K15094	R02177
K01017	R02180
K04742	R02180
K07779	R02180
K01020	R02181
K04743	R02181
K00886	R02187
K00886	R02189
K06015	R02192
K09753	R02193
K01904	R02194
K00263	R02196
K03334	R02197
K00826	R02199
K19743	R02201
K13609	R02203
K19743	R02203
K00306	R02204
K00212	R02207
K05295	R02207
K12343	R02208
K12344	R02208
K12345	R02208
K00212	R02209
K05295	R02209
K00512	R02211
K00513	R02213
K00251	R02215
K00070	R02216
K00497	R02218
K07433	R02218
K00251	R02219
K09753	R02220
K01904	R02221
K00507	R02222
K04343	R02225
K12570	R02225
K04342	R02228
K17754	R02229
K19960	R02229
K03379	R02231
K00287	R02235
K13998	R02235
K18589	R02235
K18590	R02235
K18591	R02235
K19643	R02235
K19644	R02235
K00287	R02236
K13998	R02236
K18589	R02236
K18590	R02236
K18591	R02236
K19643	R02236
K19644	R02236
K01930	R02237
K11754	R02237
K20457	R02237
K22099	R02237
K24102	R02237
K01080	R02239
K15728	R02239
K18693	R02239
K00901	R02240
K07029	R02240
K00655	R02241
K13509	R02241
K13513	R02241
K13517	R02241
K13519	R02241
K13523	R02241
K14674	R02241
K19007	R02241
K22831	R02241
K17724	R02243
K22002	R02244
K22003	R02244
K00869	R02245
K01046	R02250
K12298	R02250
K13534	R02250
K14073	R02250
K14074	R02250
K14075	R02250
K14076	R02250
K14452	R02250
K14674	R02250
K14675	R02250
K16816	R02250
K17900	R02250
K22283	R02250
K22284	R02250
K00635	R02251
K11155	R02251
K11160	R02251
K14456	R02251
K18851	R02251
K22848	R02251
K22849	R02251
K10797	R02252
K00487	R02253
K01904	R02255
K00048	R02257
K17741	R02260
K23257	R02260
K12660	R02261
K18339	R02261
K01628	R02262
K01629	R02263
K23486	R02264
K05309	R02265
K15729	R02265
K15730	R02265
K01830	R02266
K04097	R02266
K01831	R02267
K01832	R02268
K01464	R02269
K01845	R02272
K01506	R02273
K07250	R02274
K14268	R02274
K13876	R02278
K01707	R02279
K21062	R02280
K00496	R02281
K00620	R02282
K00818	R02283
K00821	R02283
K01479	R02285
K05603	R02286
K00603	R02287
K13990	R02287
K01468	R02288
K15023	R02289
K25221	R02289
K25915	R02289
K26930	R02289
K00133	R02291
K03783	R02294
K03784	R02294
K03783	R02295
K03784	R02295
K00756	R02296
K09913	R02296
K03783	R02297
K03784	R02297
K09913	R02297
K00605	R02300
K00603	R02301
K01934	R02301
K01746	R02302
K13990	R02302
K12250	R02305
K12249	R02306
K14180	R02307
K14183	R02311
K22065	R02311
K14157	R02313
K00293	R02315
K24034	R02315
K19064	R02317
K00873	R02320
K12406	R02320
K03742	R02322
K03743	R02322
K01081	R02323
K02566	R02323
K03787	R02323
K08693	R02323
K11751	R02323
K18550	R02323
K18551	R02323
K19970	R02323
K06211	R02324
K10524	R02324
K01494	R02325
K00940	R02326
K18533	R02326
K00973	R02328
K23144	R02328
K00940	R02331
K18533	R02331
K01452	R02333
K01183	R02334
K13381	R02334
K20547	R02334
K00698	R02335
K01695	R02340
K01696	R02340
K06001	R02340
K13222	R02340
K01016	R02350
K07434	R02351
K00044	R02352
K05296	R02352
K10251	R02352
K13368	R02352
K13369	R02352
K13370	R02352
K13373	R02352
K00044	R02353
K05296	R02353
K10251	R02353
K13368	R02353
K13369	R02353
K13370	R02353
K13373	R02353
K07408	R02354
K07408	R02355
K07424	R02356
K17689	R02356
K17690	R02356
K00699	R02358
K01184	R02360
K01728	R02361
K01731	R02361
K19551	R02361
K22539	R02361
K22994	R02361
K01051	R02362
K00505	R02363
K11155	R02366
K11156	R02366
K11155	R02367
K11156	R02367
K11157	R02368
K01119	R02370
K03787	R02370
K08693	R02370
K10724	R02373
K10723	R02374
K01699	R02376
K13919	R02376
K13920	R02376
K00086	R02377
K13921	R02377
K13066	R02379
K13068	R02380
K00274	R02382
K00276	R02382
K13371	R02382
K13372	R02382
K25271	R02382
K25272	R02382
K00505	R02383
K00699	R02389
K00214	R02391
K05901	R02391
K00214	R02393
K05901	R02393
K08100	R02394
K00624	R02396
K00471	R02397
K00135	R02401
K01902	R02404
K01903	R02404
K18288	R02407
K18289	R02407
K00816	R02408
K01758	R02408
K01760	R02408
K14155	R02408
K17217	R02408
K21623	R02408
K01193	R02410
K06617	R02411
K00891	R02412
K13829	R02412
K13830	R02412
K00014	R02413
K05887	R02413
K13830	R02413
K13832	R02413
K05358	R02415
K13065	R02416
K00703	R02421
K13679	R02421
K16148	R02421
K20812	R02421
K01477	R02422
K02083	R02423
K01466	R02425
K16842	R02425
K01709	R02426
K14274	R02427
K24443	R02428
K14275	R02429
K22186	R02429
K22396	R02429
K00811	R02433
K00812	R02433
K00813	R02433
K11358	R02433
K14454	R02433
K14455	R02433
K01813	R02437
K01820	R02437
K00853	R02439
K24707	R02439
K05280	R02442
K13083	R02442
K00475	R02444
K13077	R02445
K01859	R02446
K18355	R02450
K18356	R02450
K18357	R02450
K18358	R02450
K18359	R02450
K04112	R02451
K04113	R02451
K04114	R02451
K04115	R02451
K00628	R02452
K00040	R02454
K00273	R02457
K25365	R02458
K00824	R02459
K17898	R02461
K17899	R02461
K01634	R02464
K01580	R02466
K18966	R02466
K10712	R02467
K07381	R02468
K14732	R02468
K15089	R02469
K07382	R02470
K14732	R02470
K00077	R02472
K24263	R02472
K01918	R02473
K13799	R02473
K00037	R02476
K00037	R02477
K00699	R02478
K01764	R02480
K00756	R02484
K00757	R02484
K00758	R02484
K01489	R02485
K00252	R02487
K00252	R02488
K18290	R02491
K18291	R02491
K15877	R02492
K00868	R02493
K07758	R02494
K13248	R02494
K12343	R02497
K12344	R02497
K12345	R02497
K00251	R02498
K00070	R02499
K07434	R02501
K00699	R02502
K13231	R02505
K09753	R02506
K01739	R02508
K03418	R02509
K25305	R02509
K00317	R02511
K10438	R02517
K00451	R02519
K00457	R02521
K13875	R02522
K13874	R02526
K24443	R02526
K00049	R02527
K12972	R02527
K08325	R02528
K00274	R02529
K00276	R02529
K01759	R02530
K00011	R02531
K00274	R02532
K00553	R02533
K00545	R02534
K00503	R02535
K00129	R02536
K00146	R02536
K00129	R02537
K01912	R02539
K01426	R02540
K01117	R02541
K12350	R02541
K12351	R02541
K12352	R02541
K12353	R02541
K12354	R02541
K01123	R02542
K07246	R02545
K15095	R02548
K00128	R02549
K00137	R02549
K00149	R02549
K12254	R02549
K14085	R02549
K15757	R02550
K15758	R02550
K15760	R02550
K15761	R02550
K15762	R02550
K15763	R02550
K15764	R02550
K15765	R02550
K00041	R02555
K01488	R02556
K19572	R02556
K03783	R02557
K03784	R02557
K01188	R02558
K05349	R02558
K05350	R02558
K13032	R02558
K07811	R02560
K07812	R02560
K00130	R02565
K14085	R02565
K00130	R02566
K14085	R02566
K01622	R02568
K01623	R02568
K01624	R02568
K11645	R02568
K16305	R02568
K16306	R02568
K00627	R02569
K00658	R02570
K01616	R02570
K00658	R02571
K16953	R02574
K00011	R02577
K00069	R02580
K00079	R02581
K00081	R02581
K00084	R02581
K22270	R02589
K00968	R02590
K00083	R02593
K22395	R02593
K12356	R02594
K00430	R02596
K03782	R02596
K11188	R02596
K15373	R02600
K02554	R02601
K18364	R02601
K01617	R02602
K05714	R02603
K10216	R02604
K10222	R02606
K00055	R02611
K13371	R02612
K13372	R02612
K00274	R02613
K00276	R02613
K00811	R02619
K00812	R02619
K00813	R02619
K11358	R02619
K14454	R02619
K14455	R02619
K02793	R02630
K02794	R02630
K02795	R02630
K02796	R02630
K25814	R02630
K02765	R02631
K13271	R02633
K08092	R02637
K08092	R02639
K13247	R02640
K00930	R02649
K12659	R02649
K22478	R02649
K00450	R02656
K00157	R02657
K11441	R02658
K00248	R02661
K00249	R02661
K09478	R02661
K11410	R02661
K11538	R02661
K09699	R02662
K05715	R02664
K00452	R02665
K01556	R02668
K03781	R02670
K03782	R02670
K00599	R02671
K01576	R02672
K05797	R02675
K20200	R02675
K08249	R02676
K18447	R02677
K00128	R02678
K00149	R02678
K14085	R02678
K11817	R02681
K22417	R02681
K00069	R02683
K07511	R02685
K07515	R02685
K01046	R02687
K12298	R02687
K13534	R02687
K14073	R02687
K14074	R02687
K14075	R02687
K14076	R02687
K14452	R02687
K14674	R02687
K14675	R02687
K16816	R02687
K17900	R02687
K22283	R02687
K22284	R02687
K03429	R02689
K19003	R02689
K19004	R02689
K03715	R02691
K00129	R02695
K00146	R02695
K00129	R02697
K00483	R02698
K00484	R02698
K16901	R02698
K16902	R02698
K23470	R02698
K23492	R02698
K14265	R02700
K01593	R02701
K00463	R02702
K00009	R02703
K02798	R02704
K02800	R02704
K00885	R02705
K12409	R02705
K13967	R02705
K13029	R02708
K00107	R02715
K22709	R02716
K03367	R02718
K14188	R02718
K01081	R02719
K02566	R02719
K03787	R02719
K08693	R02719
K11751	R02719
K19970	R02719
K01519	R02720
K01694	R02722
K01695	R02722
K01696	R02722
K06001	R02722
K00498	R02723
K00497	R02725
K07433	R02725
K05342	R02727
K01838	R02728
K01103	R02731
K14634	R02731
K00900	R02732
K05823	R02733
K01439	R02734
K01778	R02735
K00036	R02736
K13937	R02736
K00697	R02737
K16055	R02737
K02777	R02738
K02778	R02738
K02779	R02738
K02791	R02738
K20118	R02738
K01792	R02739
K01810	R02739
K06859	R02739
K13810	R02739
K15916	R02739
K01810	R02740
K06859	R02740
K13810	R02740
K15916	R02740
K03423	R02742
K00682	R02743
K22596	R02743
K18575	R02745
K06128	R02746
K06129	R02746
K14621	R02746
K14676	R02746
K06130	R02747
K14621	R02747
K14676	R02747
K03783	R02748
K03784	R02748
K01839	R02749
K15779	R02749
K22199	R02749
K00852	R02750
K01706	R02752
K01630	R02754
K03340	R02755
K06123	R02756
K09881	R02757
K10217	R02762
K10622	R02763
K05606	R02765
K00059	R02767
K11539	R02767
K00647	R02768
K09458	R02768
K13308	R02773
K20428	R02773
K20429	R02773
K21328	R02773
K19652	R02776
K00067	R02777
K23987	R02777
K01087	R02778
K16055	R02778
K02777	R02780
K02819	R02780
K05957	R02781
K03335	R02782
K01925	R02783
K05362	R02786
K01928	R02788
K15792	R02788
K08748	R02794
K01442	R02797
K04119	R02799
K00376	R02804
K01518	R02805
K26955	R02805
K08248	R02811
K08249	R02811
K13033	R02811
K14577	R02811
K10782	R02814
K00544	R02821
K05360	R02824
K10793	R02825
K10794	R02825
K21672	R02825
K13028	R02827
K01721	R02828
K08081	R02832
K01233	R02833
K00071	R02834
K15680	R02836
K00513	R02838
K00070	R02840
K00251	R02841
K00497	R02843
K07433	R02843
K13034	R02846
K00824	R02851
K01844	R02852
K18011	R02852
K00004	R02855
K03366	R02855
K15996	R02858
K15995	R02859
K19818	R02860
K19819	R02860
K19820	R02860
K10811	R02863
K02302	R02864
K02304	R02864
K03794	R02864
K00802	R02869
K00801	R02872
K00511	R02874
K26054	R02875
K22089	R02880
K21550	R02882
K01225	R02886
K19668	R02886
K01188	R02887
K05349	R02887
K05350	R02887
K00694	R02889
K00251	R02893
K00273	R02894
K22906	R02901
K00699	R02902
K17739	R02906
K00274	R02908
K00463	R02909
K00562	R02910
K00669	R02911
K22450	R02911
K00599	R02912
K01712	R02914
K01866	R02918
K00274	R02919
K00545	R02920
K21030	R02921
K21031	R02921
K21681	R02921
K01485	R02922
K03365	R02922
K00273	R02923
K00824	R02924
K08261	R02925
K01189	R02926
K07406	R02926
K07407	R02926
K21621	R02927
K21620	R02928
K13259	R02931
K13263	R02932
K01053	R02933
K00073	R02935
K00073	R02936
K22601	R02937
K00128	R02940
K00149	R02940
K14085	R02940
K00152	R02941
K00004	R02946
K03366	R02946
K01575	R02948
K03186	R02952
K20039	R02952
K00128	R02957
K00149	R02957
K14085	R02957
K20626	R02963
K20627	R02963
K00355	R02964
K03809	R02964
K19267	R02964
K14578	R02968
K14579	R02968
K14580	R02968
K14581	R02968
K00867	R02971
K01947	R02971
K03525	R02971
K09680	R02971
K08069	R02973
K00072	R02975
K00079	R02975
K04718	R02976
K04708	R02978
K01784	R02984
K01188	R02985
K05349	R02985
K05350	R02985
K13031	R02985
K16876	R02986
K16877	R02987
K16878	R02987
K16879	R02987
K00217	R02988
K00217	R02989
K01031	R02990
K01032	R02990
K01055	R02991
K14727	R02991
K18610	R02992
K18611	R02993
K01513	R03004
K03426	R03004
K04765	R03004
K26956	R03004
K00952	R03005
K00969	R03005
K06210	R03005
K06211	R03005
K13522	R03005
K19785	R03005
K22932	R03006
K04125	R03008
K04124	R03009
K00013	R03012
K14152	R03012
K01089	R03013
K04486	R03013
K05602	R03013
K18649	R03013
K00848	R03014
K00200	R03015
K00201	R03015
K00202	R03015
K00203	R03015
K00204	R03015
K00205	R03015
K11260	R03015
K11261	R03015
K00867	R03018
K01947	R03018
K03525	R03018
K09680	R03018
K21726	R03023
K21727	R03023
K01101	R03024
K00440	R03025
K00441	R03025
K00442	R03025
K00443	R03025
K01692	R03026
K01715	R03026
K01782	R03026
K01825	R03026
K07511	R03026
K07514	R03026
K07515	R03026
K10527	R03026
K13767	R03026
K15016	R03026
K17865	R03027
K01615	R03028
K20509	R03028
K23351	R03028
K23352	R03028
K18014	R03030
K14534	R03031
K01683	R03032
K01684	R03033
K05308	R03033
K00954	R03035
K02201	R03035
K02318	R03035
K01513	R03036
K04765	R03036
K01252	R03037
K01872	R03038
K01692	R03045
K01782	R03045
K01825	R03045
K07511	R03045
K07514	R03045
K07515	R03045
K14469	R03045
K14729	R03045
K15019	R03045
K00061	R03048
K11151	R03048
K01652	R03050
K01653	R03050
K00053	R03051
K01464	R03055
K01254	R03057
K00461	R03058
K00807	R03059
K01060	R03062
K12747	R03064
K00796	R03066
K13939	R03066
K13941	R03066
K18824	R03066
K18825	R03066
K18974	R03066
K24102	R03066
K00796	R03067
K13939	R03067
K13941	R03067
K18824	R03067
K18825	R03067
K18974	R03067
K24102	R03067
K20452	R03069
K20453	R03069
K20451	R03070
K02567	R03071
K19104	R03072
K19105	R03073
K09756	R03075
K12447	R03077
K01735	R03083
K13829	R03083
K13830	R03083
K03785	R03084
K03786	R03084
K13830	R03084
K13832	R03084
K07434	R03087
K07410	R03088
K07408	R03089
K07410	R03090
K00699	R03091
K01501	R03093
K01426	R03096
K21801	R03096
K00143	R03098
K14085	R03102
K14085	R03103
K00016	R03104
K01011	R03105
K17650	R03111
K17649	R03112
K14730	R03114
K14732	R03114
K01210	R03115
K00706	R03118
K00086	R03119
K01208	R03122
K13082	R03123
K05280	R03124
K13083	R03124
K05278	R03126
K00543	R03130
K13066	R03130
K22588	R03130
K12339	R03132
K22846	R03132
K05889	R03136
K00276	R03139
K01601	R03140
K01602	R03140
K00156	R03145
K14471	R03154
K14472	R03154
K18289	R03154
K18594	R03157
K05605	R03158
K05305	R03161
K25314	R03161
K25315	R03161
K01818	R03163
K20449	R03164
K01719	R03165
K13542	R03165
K13543	R03165
K05361	R03167
K03896	R03168
K00166	R03171
K00167	R03171
K00382	R03171
K09699	R03171
K11381	R03171
K00248	R03172
K00249	R03172
K09478	R03172
K11410	R03172
K09699	R03174
K12254	R03177
K12253	R03178
K01426	R03180
K01800	R03181
K01935	R03182
K19562	R03182
K00103	R03184
K01473	R03187
K01474	R03187
K00603	R03189
K13990	R03189
K00075	R03191
K00075	R03192
K01924	R03193
K00589	R03194
K02302	R03194
K02303	R03194
K02496	R03194
K13542	R03194
K13543	R03194
K01599	R03197
K01852	R03199
K01853	R03200
K19826	R03202
K00431	R03208
K01906	R03209
K00652	R03210
K11820	R03213
K11821	R03214
K01739	R03217
K00228	R03220
K00231	R03222
K00788	R03223
K14153	R03223
K14154	R03223
K21219	R03223
K21220	R03223
K12698	R03230
K00833	R03231
K19562	R03231
K02768	R03232
K02769	R03232
K02770	R03232
K02771	R03232
K11194	R03232
K11195	R03232
K11196	R03232
K19956	R03234
K00850	R03236
K00917	R03236
K16370	R03236
K21071	R03236
K00850	R03237
K16370	R03237
K00850	R03238
K16370	R03238
K00850	R03239
K16370	R03239
K01819	R03240
K00879	R03241
K00817	R03243
K03079	R03244
K00938	R03245
K13273	R03245
K22958	R03247
K22959	R03247
K22960	R03247
K01627	R03254
K01220	R03256
K01739	R03260
K15090	R03261
K07433	R03262
K07433	R03263
K15890	R03264
K01598	R03269
K13038	R03269
K00161	R03270
K00162	R03270
K00163	R03270
K01844	R03275
K18011	R03275
K01782	R03276
K01825	R03276
K01630	R03277
K00128	R03283
K00149	R03283
K14085	R03283
K14755	R03286
K05604	R03288
K00286	R03291
K00286	R03293
K11394	R03295
K12658	R03296
K23279	R03297
K00483	R03299
K00484	R03299
K16901	R03299
K16902	R03299
K00129	R03300
K00146	R03300
K00129	R03302
K00455	R03303
K00545	R03304
K01857	R03307
K14334	R03308
K00147	R03313
K12657	R03313
K16328	R03315
K16330	R03315
K00164	R03316
K01616	R03316
K02472	R03317
K01810	R03321
K06859	R03321
K13810	R03321
K15916	R03321
K09757	R03323
K00212	R03325
K05295	R03325
K00513	R03326
K00070	R03327
K00497	R03329
K07433	R03329
K01108	R03330
K01114	R03332
K01116	R03332
K01771	R03332
K05857	R03332
K05858	R03332
K05859	R03332
K05860	R03332
K05861	R03332
K16619	R03332
K19006	R03332
K13574	R03337
K18606	R03337
K23109	R03337
K13574	R03339
K18606	R03339
K07253	R03342
K01081	R03346
K02566	R03346
K03787	R03346
K08693	R03346
K11751	R03346
K18550	R03346
K18551	R03346
K19970	R03346
K10524	R03347
K00767	R03348
K18012	R03349
K03270	R03350
K00979	R03351
K01824	R03353
K07553	R03354
K09905	R03354
K01190	R03355
K12309	R03355
K00888	R03361
K13711	R03361
K19801	R03361
K00914	R03362
K00923	R03362
K02649	R03362
K01108	R03363
K01110	R03363
K13066	R03366
K03186	R03367
K20039	R03367
K03921	R03370
K03922	R03370
K01083	R03371
K01093	R03372
K18606	R03373
K21425	R03374
K00473	R03376
K13645	R03376
K13646	R03376
K13647	R03376
K18201	R03378
K11703	R03380
K13646	R03380
K18660	R03383
K18661	R03383
K04339	R03384
K18071	R03385
K18071	R03386
K00883	R03387
K18126	R03387
K17364	R03388
K00672	R03390
K00523	R03391
K12452	R03391
K00523	R03392
K12452	R03392
K01107	R03393
K15422	R03393
K01106	R03394
K24221	R03394
K24222	R03394
K22252	R03396
K15856	R03397
K22252	R03398
K15856	R03399
K05894	R03401
K10525	R03402
K01131	R03404
K01015	R03405
K05296	R03406
K05296	R03407
K07408	R03408
K07409	R03408
K07412	R03408
K07413	R03408
K07414	R03408
K07415	R03408
K07424	R03408
K17689	R03408
K17690	R03408
K17691	R03408
K01514	R03409
K01524	R03409
K18575	R03415
K06128	R03416
K14621	R03416
K14676	R03416
K06130	R03417
K14621	R03417
K14676	R03417
K06611	R03418
K00550	R03424
K00551	R03424
K00570	R03424
K00281	R03425
K00282	R03425
K00283	R03425
K01107	R03427
K15422	R03427
K00913	R03428
K01765	R03428
K00913	R03429
K01765	R03429
K01106	R03430
K24221	R03430
K24222	R03430
K00911	R03433
K03103	R03434
K01116	R03435
K05857	R03435
K05858	R03435
K05859	R03435
K05860	R03435
K05861	R03435
K19006	R03435
K13510	R03437
K13512	R03437
K13519	R03437
K13510	R03438
K00145	R03443
K12659	R03443
K16792	R03444
K16793	R03444
K17450	R03444
K01471	R03448
K00474	R03451
K13261	R03452
K01089	R03457
K01693	R03457
K00082	R03458
K11752	R03458
K01498	R03459
K11752	R03459
K00800	R03460
K13830	R03460
K24018	R03460
K18613	R03461
K00462	R03462
K01499	R03464
K00889	R03469
K13712	R03469
K01607	R03470
K14727	R03470
K00877	R03471
K00941	R03471
K14153	R03471
K21219	R03471
K03147	R03472
K04340	R03477
K00915	R03478
K00913	R03479
K01186	R03491
K12357	R03491
K12373	R03492
K13779	R03493
K13777	R03494
K13778	R03494
K00950	R03503
K07142	R03503
K13939	R03503
K13940	R03503
K13941	R03503
K01633	R03504
K09739	R03504
K13939	R03504
K13940	R03504
K01609	R03508
K01656	R03508
K13498	R03508
K13501	R03508
K01817	R03509
K13498	R03509
K13501	R03509
K24017	R03509
K05357	R03511
K00799	R03522
K04097	R03522
K13299	R03522
K21888	R03522
K23790	R03522
K25210	R03522
K13034	R03524
K01188	R03527
K05349	R03527
K05350	R03527
K00940	R03530
K18533	R03530
K01519	R03531
K17219	R03533
K17220	R03533
K17221	R03533
K00109	R03534
K01119	R03537
K08693	R03537
K09769	R03537
K24670	R03537
K01119	R03538
K08693	R03538
K09769	R03538
K24670	R03538
K00431	R03539
K13995	R03540
K01501	R03542
K03268	R03543
K16268	R03543
K18089	R03543
K18090	R03543
K00100	R03544
K00100	R03545
K01725	R03546
K00448	R03549
K00449	R03549
K04099	R03550
K04100	R03550
K04101	R03550
K13400	R03555
K23276	R03556
K03268	R03559
K16268	R03559
K18089	R03559
K18090	R03559
K16242	R03560
K16243	R03560
K16244	R03560
K16245	R03560
K16246	R03560
K16249	R03560
K15760	R03562
K15761	R03562
K15762	R03562
K15763	R03562
K15764	R03562
K15765	R03562
K03380	R03566
K00881	R03576
K12957	R03581
K13077	R03590
K03378	R03591
K03378	R03592
K13394	R03592
K23260	R03594
K01008	R03595
K00384	R03596
K22182	R03596
K01763	R03599
K11717	R03599
K00392	R03600
K01738	R03601
K10150	R03601
K13034	R03601
K12356	R03605
K16242	R03608
K16243	R03608
K16244	R03608
K16245	R03608
K16246	R03608
K16249	R03608
K07438	R03610
K07419	R03611
K06927	R03613
K01202	R03617
K01189	R03618
K07406	R03618
K07407	R03618
K16266	R03625
K00454	R03626
K00460	R03626
K00463	R03628
K07408	R03629
K07409	R03629
K07410	R03629
K14338	R03629
K18068	R03630
K18069	R03630
K01189	R03634
K07406	R03634
K07407	R03634
K01193	R03635
K13082	R03636
K13083	R03639
K00475	R03640
K00355	R03643
K03809	R03643
K19267	R03643
K05357	R03645
K01887	R03646
K09759	R03647
K01893	R03648
K01883	R03650
K01884	R03650
K09698	R03651
K01886	R03652
K01878	R03654
K01879	R03654
K01880	R03654
K14164	R03654
K01892	R03655
K01870	R03656
K01869	R03657
K04566	R03658
K04567	R03658
K01874	R03659
K01889	R03660
K01890	R03660
K01881	R03661
K14163	R03661
K01875	R03662
K01868	R03663
K01867	R03664
K01873	R03665
K01827	R03673
K22203	R03673
K08101	R03678
K00750	R03681
K18334	R03688
K09828	R03689
K25364	R03691
K04835	R03696
K17712	R03697
K14976	R03698
K12695	R03703
K01729	R03706
K03366	R03707
K18009	R03707
K00251	R03713
K00659	R03718
K08764	R03719
K00659	R03720
K13398	R03721
K22089	R03722
K12692	R03737
K01757	R03738
K00682	R03749
K22596	R03749
K01053	R03751
K14731	R03751
K14456	R03755
K14457	R03755
K14458	R03755
K14456	R03756
K14457	R03756
K14458	R03756
K18338	R03772
K12661	R03774
K08246	R03775
K07512	R03776
K00232	R03777
K00249	R03777
K00255	R03777
K06445	R03777
K00632	R03778
K07508	R03778
K07509	R03778
K07513	R03778
K00512	R03783
K00513	R03784
K00777	R03789
K01781	R03791
K00565	R03805
K05282	R03806
K05282	R03807
K04125	R03809
K12692	R03812
K00684	R03813
K10226	R03814
K00382	R03815
K00355	R03816
K03809	R03816
K19267	R03816
K02636	R03817
K21569	R03818
K21570	R03818
K26398	R03818
K00846	R03819
K12693	R03820
K04283	R03821
K01833	R03822
K06443	R03824
K14605	R03824
K14606	R03824
K17841	R03824
K22502	R03824
K00987	R03828
K13917	R03828
K00307	R03831
K13386	R03832
K22093	R03833
K21070	R03834
K13397	R03835
K21692	R03842
K00218	R03845
K00071	R03847
K15680	R03848
K00513	R03849
K00497	R03851
K07433	R03851
K07512	R03856
K00232	R03857
K00249	R03857
K00255	R03857
K06445	R03857
K00632	R03858
K07508	R03858
K07509	R03858
K07513	R03858
K23493	R03860
K00685	R03862
K21419	R03862
K07119	R03863
K13948	R03863
K13949	R03863
K07119	R03864
K13948	R03864
K13949	R03864
K17726	R03866
K00681	R03867
K01801	R03868
K16163	R03868
K00128	R03869
K00149	R03869
K14085	R03869
K00157	R03871
K18200	R03874
K04462	R03875
K06101	R03875
K09186	R03875
K09187	R03875
K09188	R03875
K09189	R03875
K11419	R03875
K11420	R03875
K11422	R03875
K11423	R03875
K11424	R03875
K11425	R03875
K11426	R03875
K11427	R03875
K11428	R03875
K11430	R03875
K11431	R03875
K11432	R03875
K11433	R03875
K14959	R03875
K15588	R03875
K17451	R03875
K18494	R03875
K18804	R03875
K18826	R03875
K20795	R03875
K20796	R03875
K22410	R03875
K22748	R03875
K23700	R03875
K24405	R03875
K24406	R03875
K24407	R03875
K03403	R03877
K03404	R03877
K03405	R03877
K15067	R03887
K10217	R03889
K23234	R03889
K04098	R03891
K01061	R03893
K01703	R03896
K01704	R03896
K01703	R03898
K01704	R03898
K00308	R03899
K13367	R03899
K18852	R03903
K02433	R03905
K02434	R03905
K02435	R03905
K03330	R03905
K03865	R03905
K09482	R03905
K20450	R03908
K01426	R03909
K05360	R03915
K00681	R03916
K18592	R03916
K00083	R03918
K22395	R03918
K00430	R03919
K03782	R03919
K11188	R03919
K00844	R03920
K00847	R03920
K01193	R03921
K14589	R03922
K16841	R03925
K00770	R03928
K01119	R03929
K08693	R03929
K09769	R03929
K24670	R03929
K14417	R03932
K00498	R03933
K01556	R03936
K00604	R03940
K18337	R03942
K14732	R03945
K02302	R03947
K02304	R03947
K24866	R03947
K03394	R03948
K13540	R03948
K00431	R03953
K00599	R03955
K01821	R03966
K01702	R03968
K01703	R03968
K01704	R03968
K21359	R03968
K00681	R03970
K18592	R03970
K00681	R03971
K18592	R03971
K00431	R03973
K11992	R03974
K01442	R03975
K01442	R03977
K03391	R03982
K00310	R03984
K07512	R03989
K00232	R03990
K00249	R03990
K00255	R03990
K06445	R03990
K09479	R03990
K00632	R03991
K07508	R03991
K07509	R03991
K07513	R03991
K10676	R03997
K09461	R03998
K09461	R03999
K01039	R04000
K01040	R04000
K01702	R04001
K01703	R04001
K01704	R04001
K21359	R04001
K12356	R04005
K00430	R04007
K03782	R04007
K11188	R04007
K21896	R04013
K01071	R04014
K10781	R04014
K21791	R04014
K01019	R04017
K01186	R04018
K12357	R04018
K23550	R04018
K01189	R04019
K07406	R04019
K07407	R04019
K01721	R04020
K20807	R04020
K00274	R04025
K00276	R04027
K01911	R04030
K14760	R04030
K02549	R04031
K14759	R04031
K01058	R04034
K06900	R04034
K13618	R04034
K16817	R04034
K16818	R04034
K22389	R04034
K01523	R04035
K11755	R04035
K14152	R04035
K01496	R04037
K11755	R04037
K14152	R04037
K10760	R04038
K26397	R04040
K09459	R04053
K14256	R04060
K04098	R04061
K00128	R04065
K00149	R04065
K14085	R04065
K00728	R04072
K02812	R04076
K02813	R04076
K02814	R04076
K02815	R04076
K13382	R04084
K00157	R04085
K16269	R04088
K00446	R04089
K07104	R04089
K16270	R04089
K11868	R04093
K01237	R04094
K00249	R04095
K00253	R04095
K09699	R04097
K14418	R04101
K21731	R04102
K01794	R04104
K02492	R04109
K02750	R04111
K02777	R04111
K02791	R04111
K20108	R04111
K01446	R04112
K01447	R04112
K01448	R04112
K01449	R04112
K14582	R04115
K14583	R04117
K14338	R04121
K00605	R04125
K19189	R04130
K02509	R04132
K05921	R04134
K01692	R04137
K01782	R04137
K01825	R04137
K07511	R04137
K07514	R04137
K07515	R04137
K01968	R04138
K01969	R04138
K00899	R04143
K01945	R04144
K11787	R04144
K11788	R04144
K13713	R04144
K04127	R04147
K00768	R04148
K18257	R04151
K03430	R04152
K09469	R04152
K17104	R04158
K15054	R04160
K01781	R04161
K01080	R04162
K00070	R04163
K01692	R04170
K01782	R04170
K01825	R04170
K07511	R04170
K07514	R04170
K07515	R04170
K10527	R04170
K13767	R04170
K00816	R04171
K00825	R04171
K14264	R04171
K00831	R04173
K00231	R04178
K12373	R04184
K00822	R04187
K07250	R04188
K13524	R04188
K01484	R04189
K20811	R04194
K00215	R04198
K00215	R04199
K21672	R04200
K21672	R04201
K00022	R04203
K01782	R04203
K01825	R04203
K07514	R04203
K08683	R04203
K01692	R04204
K01782	R04204
K01825	R04204
K07511	R04204
K07514	R04204
K07515	R04204
K13610	R04205
K01933	R04208
K11787	R04208
K11788	R04208
K01587	R04209
K11808	R04209
K03473	R04210
K02433	R04212
K02434	R04212
K02435	R04212
K00983	R04215
K21749	R04215
K07151	R04216
K00840	R04217
K02291	R04218
K17841	R04218
K00273	R04221
K04341	R04222
K01692	R04224
K01782	R04224
K01825	R04224
K07511	R04224
K07514	R04224
K07515	R04224
K00166	R04225
K00167	R04225
K11381	R04225
K01922	R04230
K13038	R04231
K21977	R04231
K03428	R04237
K01930	R04241
K11754	R04241
K22099	R04241
K01307	R04242
K00967	R04247
K25574	R04247
K00206	R04251
K03821	R04254
K22881	R04254
K03381	R04258
K01860	R04259
K12408	R04263
K12453	R04265
K12454	R04266
K05277	R04276
K10221	R04277
K10219	R04278
K10219	R04279
K04100	R04280
K04101	R04280
K15065	R04280
K00011	R04285
K00079	R04285
K01737	R04286
K22101	R04286
K03517	R04292
K13030	R04296
K00274	R04300
K00276	R04300
K13371	R04300
K13372	R04300
K25271	R04300
K25272	R04300
K00545	R04301
K00055	R04304
K13382	R04305
K13029	R04306
K00037	R04309
K00037	R04310
K00803	R04311
K00527	R04315
K00994	R04321
K13644	R04321
K04628	R04322
K03392	R04323
K00601	R04325
K01492	R04325
K11175	R04325
K11787	R04325
K00601	R04326
K01492	R04326
K11175	R04326
K11787	R04326
K09754	R04342
K00577	R04347
K00578	R04347
K00579	R04347
K00580	R04347
K00581	R04347
K00582	R04347
K00583	R04347
K00584	R04347
K20806	R04349
K00699	R04352
K00699	R04353
K00699	R04354
K00647	R04355
K00665	R04355
K00667	R04355
K09458	R04355
K11533	R04355
K06123	R04360
K05822	R04364
K19107	R04364
K00674	R04365
K12584	R04368
K01705	R04371
K16792	R04371
K16793	R04371
K01109	R04372
K18384	R04374
K22548	R04374
K05713	R04376
K03429	R04377
K19004	R04377
K00759	R04378
K01826	R04379
K05921	R04380
K01730	R04382
K01815	R04383
K04480	R04384
K01961	R04385
K11262	R04385
K11263	R04385
K01962	R04386
K01963	R04386
K11262	R04386
K15036	R04386
K18472	R04386
K01793	R04389
K00143	R04390
K00867	R04391
K01947	R04391
K03525	R04391
K09680	R04391
K02786	R04393
K02788	R04393
K02753	R04394
K02777	R04394
K13395	R04400
K01099	R04404
K20278	R04404
K20279	R04404
K00549	R04405
K13512	R04413
K00151	R04418
K10219	R04418
K10219	R04419
K08963	R04420
K01720	R04424
K01682	R04425
K00052	R04426
K21360	R04426
K00559	R04427
K00665	R04428
K00668	R04428
K01716	R04428
K02372	R04428
K11533	R04428
K16363	R04428
K22540	R04428
K22541	R04428
K00208	R04429
K00209	R04429
K02371	R04429
K11533	R04429
K00208	R04430
K00665	R04430
K00668	R04430
K07512	R04430
K10780	R04430
K00248	R04432
K01654	R04435
K05304	R04435
K02805	R04438
K00053	R04439
K00053	R04440
K01687	R04441
K00294	R04444
K13821	R04444
K00294	R04445
K13821	R04445
K00878	R04448
K14154	R04448
K01910	R04449
K01062	R04452
K16794	R04452
K16795	R04452
K13942	R04455
K00319	R04456
K00794	R04457
K13027	R04460
K01952	R04463
K23264	R04463
K23265	R04463
K23269	R04463
K23270	R04463
K00320	R04464
K00841	R04467
K09480	R04469
K01189	R04470
K07406	R04470
K07407	R04470
K21362	R04472
K00821	R04475
K14267	R04475
K10220	R04478
K16515	R04478
K13512	R04480
K13515	R04480
K13517	R04480
K13519	R04480
K20215	R04481
K01826	R04482
K01442	R04486
K01442	R04487
K13646	R04491
K00587	R04496
K00128	R04506
K00149	R04506
K14085	R04506
K08748	R04507
K00877	R04509
K00941	R04509
K14153	R04509
K21219	R04509
K01110	R04513
K05364	R04519
K05365	R04519
K17105	R04520
K22678	R04522
K18612	R04524
K15910	R04529
K24302	R04529
K00059	R04533
K00665	R04533
K00667	R04533
K11533	R04533
K11539	R04533
K00059	R04534
K00665	R04534
K00667	R04534
K11533	R04534
K11539	R04534
K00665	R04535
K00668	R04535
K01716	R04535
K02372	R04535
K11533	R04535
K16363	R04535
K22540	R04535
K22541	R04535
K00059	R04536
K00665	R04536
K00667	R04536
K11533	R04536
K11539	R04536
K00665	R04537
K00668	R04537
K01716	R04537
K02372	R04537
K11533	R04537
K16363	R04537
K22540	R04537
K22541	R04537
K08264	R04540
K08265	R04540
K00399	R04541
K00401	R04541
K00402	R04541
K00059	R04543
K00665	R04543
K00667	R04543
K11533	R04543
K11539	R04543
K00665	R04544
K00668	R04544
K01716	R04544
K02372	R04544
K11533	R04544
K16363	R04544
K22540	R04544
K22541	R04544
K00922	R04545
K02649	R04545
K21289	R04545
K00632	R04546
K07508	R04546
K07509	R04546
K07513	R04546
K00257	R04547
K03269	R04549
K09949	R04549
K02536	R04550
K07119	R04556
K13948	R04556
K13949	R04556
K07119	R04557
K13948	R04557
K13949	R04557
K01663	R04558
K02500	R04558
K02501	R04558
K01756	R04559
K00602	R04560
K01492	R04560
K00059	R04566
K00665	R04566
K00667	R04566
K11533	R04566
K11539	R04566
K00677	R04567
K00665	R04568
K00668	R04568
K01716	R04568
K02372	R04568
K11533	R04568
K16363	R04568
K22540	R04568
K22541	R04568
K20656	R04571
K01798	R04573
K01929	R04573
K13227	R04579
K08748	R04580
K12373	R04586
K02535	R04587
K16363	R04587
K01587	R04591
K01923	R04591
K13713	R04591
K00257	R04592
K02226	R04594
K22316	R04594
K16049	R04597
K00747	R04603
K13499	R04603
K13500	R04603
K00748	R04606
K01798	R04617
K01929	R04617
K15792	R04617
K13264	R04618
